{"global_step":1455,"train/loss":0.0035314299166202545,"_step":1455,"gpu/max_mem_allocated":9928009728,"epoch":20,"_wandb":{"runtime":233},"_timestamp":1.7696093547746053e+09,"train/accuracy":1,"gpu/mem_allocated":1475574272,"_runtime":233,"system/compilation_time_seconds":3.8707436369732022,"system/execution_time_seconds":0.14618041617795824,"train/learning_rate":6.8594129805865646e-09,"system/throughput_img_per_sec":808.3655146172043}