{"system/throughput_img_per_sec":609.63852982646,"_timestamp":1.76960978109164e+09,"train/accuracy":0.7734375,"_wandb":{"runtime":313},"global_step":1455,"_step":292,"system/execution_time_seconds":0.17755538304336368,"_runtime":313,"gpu/mem_allocated":1070206976,"train/learning_rate":6.857514556202204e-09,"gpu/max_mem_allocated":17458737408,"epoch":19.931506849315067,"system/compilation_time_seconds":18.83398140501231,"train/loss":0.7364311218261719}